Link Name,Center of Mass X,Center of Mass Y,Center of Mass Z,Center of Mass Roll,Center of Mass Pitch,Center of Mass Yaw,Mass,Moment Ixx,Moment Ixy,Moment Ixz,Moment Iyy,Moment Iyz,Moment Izz,Visual X,Visual Y,Visual Z,Visual Roll,Visual Pitch,Visual Yaw,Mesh Filename,Color Red,Color Green,Color Blue,Color Alpha,Collision X,Collision Y,Collision Z,Collision Roll,Collision Pitch,Collision Yaw,Collision Mesh Filename,Material Name,SW Components,Coordinate System,Axis Name,Joint Name,Joint Type,Joint Origin X,Joint Origin Y,Joint Origin Z,Joint Origin Roll,Joint Origin Pitch,Joint Origin Yaw,Parent,Joint Axis X,Joint Axis Y,Joint Axis Z,Limit Effort,Limit Velocity,Limit Lower,Limit Upper,Calibration rising,Calibration falling,Dynamics Damping,Dynamics Friction,Safety Soft Upper,Safety Soft Lower,Safety K Position,Safety K Velocity
base_link,0.181506840354133,-0.000380672324322817,0.222342802457852,0,0,0,13.4432975076648,0.281648586283361,0.000125887129113248,0.00137500825003624,0.275100723244147,-1.91261660286568E-05,0.18796558298456,0,0,0,0,0,0,package://buaahz_car_urdf_mid360/meshes/base_link.STL,0.776470588235294,0.756862745098039,0.737254901960784,1,0,0,0,0,0,0,package://buaahz_car_urdf_mid360/meshes/base_link.STL,,加强筋-15;加强筋-11;二层连接件（左右）-1;加强筋-17;加强筋-13;侧面支撑板-1;底盘加强筋（横）-1;加强筋-16;二层连接件（左右）-2;加强筋-14;电池盒-1;底盘加强筋（纵）-1;二层载板-1;24V60Ah锂电池300-200-100-1;二层连接件（前）-1;加强筋-12;加强筋-10;加强筋-9;侧面支撑板-2;加强筋-6;加强筋-4;加强筋-3;加强筋-1;电机固定板-2;电机固定板-1;前摆臂横梁-1;交叉滚子-1;摆臂前连接件-1;加强筋-8;底盘-1;加强筋-2;铝型材3030-1300-1;铝型材3030-300-3;铝型材3030-1300-2;铝型材3030-300-1;铝型材3030-300-2;二层侧面支撑板（前）-2;二层侧面支撑板（前）-1;载板-1;屏幕固定板（侧面）-2;屏幕固定板（侧面）-1;屏幕固定板（底面）-1;载重环-1;二层侧面支撑板-7;二层侧面支撑板-4;电池仓（侧）-1;电池仓（前）-1;电池仓（底）-1;电池仓（侧）-2;加强筋-18;电池仓（后）-1;二层侧面支撑板-5;二层侧面支撑板-1;二层侧面支撑板-6;无线充电模块2-1;二层侧面支撑板-8;电池仓（前）-2;屏幕-1;铝型材3030-300-5;橡胶减震器M4-12 D15-H10-2;开关固定板-1;铝型材3030-300-4;铝型材3030-300-8;铝型材3030-300-6;屏幕固定板-2;橡胶减震器M4-12 D15-H10-1;铝型材3030-1000-1;屏幕固定板-1;铝型材3030-300-7;铝型材3030-1000-2;轮毂电机-1/ZLLG65ASM250-4096 V2.0单出轴.stp-1/6_5C-BZ_ASM_ASM.stp-1/6_5CUN-CI_ASM_ASM.stp-1/MANIFOLD_SOLID_BREP_6699.stp-1;轮毂电机-1/ZLLG65ASM250-4096 V2.0单出轴.stp-1/5G-shuang.1.stp-1/5G-shuang_1.1.stp-1;轮毂电机-1/ZLLG65ASM250-4096 V2.0单出轴.stp-1/零件1.1.2.1.stp-1;轮毂电机-1/ZLLG65ASM250-4096 V2.0单出轴.stp-1/Part1.2.stp-1;轮毂电机-1/ZLLG65ASM250-4096 V2.0单出轴.stp-1/5G-shuang.1.stp-1/零件1.1.2.stp-1;轮毂电机-1/ZLLG65ASM250-4096 V2.0单出轴.stp-1/5G-shuang.1.stp-1/5cun-1.1.stp-1;轮毂电机-2/ZLLG65ASM250-4096 V2.0单出轴.stp-1/6_5C-BZ_ASM_ASM.stp-1/6_5CUN-CI_ASM_ASM.stp-1/MANIFOLD_SOLID_BREP_6699.stp-1;轮毂电机-2/ZLLG65ASM250-4096 V2.0单出轴.stp-1/5G-shuang.1.stp-1/5G-shuang_1.1.stp-1;轮毂电机-2/ZLLG65ASM250-4096 V2.0单出轴.stp-1/5G-shuang.1.stp-1/零件1.1.2.stp-1;轮毂电机-2/ZLLG65ASM250-4096 V2.0单出轴.stp-1/5G-shuang.1.stp-1/5cun-1.1.stp-1;轮毂电机-2/ZLLG65ASM250-4096 V2.0单出轴.stp-1/零件1.1.2.1.stp-1;轮毂电机-2/ZLLG65ASM250-4096 V2.0单出轴.stp-1/Part1.2.stp-1;E-CLHJ75-N-2/E-CLHJ75-N_p-1;E-CLHJ75-N-1/E-CLHJ75-N_p-1;Mid360固定座-1,Origin_global,,,,0,0,0,0,0,0,,0,0,0,,,,,,,,,,,,
left_wheel_Link,5.65098763338767E-08,-0.000107541598391714,3.10675519173045E-07,0,0,0,0.913957958882337,0.00156554399137761,-7.84052736783115E-10,2.68393645781403E-09,0.00295301334108984,-2.21425364152168E-09,0.00156556205111389,0,0,0,0,0,0,package://buaahz_car_urdf_mid360/meshes/left_wheel_Link.STL,0.792156862745098,0.819607843137255,0.933333333333333,1,0,0,0,0,0,0,package://buaahz_car_urdf_mid360/meshes/left_wheel_Link.STL,,轮毂电机-2/ZLLG65ASM250-4096 V2.0单出轴.stp-1/6_5C-BZ_ASM_ASM.stp-1/MANIFOLD_SOLID_BREP_6697_1_1.stp-1;轮毂电机-2/ZLLG65ASM250-4096 V2.0单出轴.stp-1/6_5C-BZ_ASM_ASM.stp-1/6_5CUN-CI_ASM_ASM.stp-1/MANIFOLD_SOLID_BREP_6701.stp-1;轮毂电机-2/ZLLG65ASM250-4096 V2.0单出轴.stp-1/6_5C-BZ_ASM_ASM.stp-1/6_5CUN-CI_ASM_ASM.stp-1/MANIFOLD_SOLID_BREP_6700.stp-1,左驱动轮坐标系,驱动轮基准轴,left_wheel_joint,continuous,5E-05,0.2146,-0.002,0,0,0,base_link,0.00023299,1,0,,,,,,,,,,,,
right_wheel_Link,-5.65098763338767E-08,0.000107541598391658,3.10675519180851E-07,0,0,0,0.913957958882337,0.00156554399137761,-7.84052736810233E-10,-2.68393645810819E-09,0.00295301334108984,2.21425364140116E-09,0.00156556205111389,0,0,0,0,0,0,package://buaahz_car_urdf_mid360/meshes/right_wheel_Link.STL,0.792156862745098,0.819607843137255,0.933333333333333,1,0,0,0,0,0,0,package://buaahz_car_urdf_mid360/meshes/right_wheel_Link.STL,,轮毂电机-1/ZLLG65ASM250-4096 V2.0单出轴.stp-1/6_5C-BZ_ASM_ASM.stp-1/MANIFOLD_SOLID_BREP_6697_1_1.stp-1;轮毂电机-1/ZLLG65ASM250-4096 V2.0单出轴.stp-1/6_5C-BZ_ASM_ASM.stp-1/6_5CUN-CI_ASM_ASM.stp-1/MANIFOLD_SOLID_BREP_6700.stp-1;轮毂电机-1/ZLLG65ASM250-4096 V2.0单出轴.stp-1/6_5C-BZ_ASM_ASM.stp-1/6_5CUN-CI_ASM_ASM.stp-1/MANIFOLD_SOLID_BREP_6701.stp-1,右驱动轮坐标系,驱动轮基准轴,right_wheel_joint,continuous,-5E-05,-0.2146,-0.002,0,0,0,base_link,0.00023299,1,0,,,,,,,,,,,,
lf_Link,0.00478439486534085,-0.000194940503855379,-0.0200897415759267,0,0,0,0.0764331852561444,6.38707770236009E-05,2.87122519156645E-07,1.04097740579094E-05,5.80010180912249E-05,-5.27406370320012E-07,5.40103969527263E-05,0,0,0,0,0,0,package://buaahz_car_urdf_mid360/meshes/lf_Link.STL,0.756862745098039,0.768627450980392,0.752941176470588,1,0,0,0,0,0,0,package://buaahz_car_urdf_mid360/meshes/lf_Link.STL,,E-CLHJ75-N-2/E-CLHJ75-N_b-1,左万上坐标系5,左万上基准轴5,lf_joint,continuous,0.3818,0.17675,0.0052475,0,0,0,base_link,0,0,-1,,,,,,,,,,,,
lf_wheel_Link,-2.38627238802191E-07,-1.45803757956031E-10,-5.82427378548189E-08,0,0,0,0.150467637750351,7.04259874807444E-05,2.5531455858424E-13,-6.75188730057266E-12,0.000108333870406122,2.62322526670321E-10,7.04301499801696E-05,0,0,0,0,0,0,package://buaahz_car_urdf_mid360/meshes/lf_wheel_Link.STL,0.756862745098039,0.768627450980392,0.752941176470588,1,0,0,0,0,0,0,package://buaahz_car_urdf_mid360/meshes/lf_wheel_Link.STL,,E-CLHJ75-N-2/E-CLHJ75-N_w-1,左万向轮坐标系3,左万向轮基准轴3,lf_wheel_joint,continuous,0.024001,0,-0.055747,0,0,0,lf_Link,0,1,0,,,,,,,,,,,,
rf_Link,-0.00478439486534091,0.000194940503855439,-0.0200897415759267,0,0,0,0.0764331852561443,6.38707770236007E-05,2.87122519156615E-07,-1.04097740579094E-05,5.80010180912247E-05,5.27406370320082E-07,5.40103969527261E-05,0,0,0,0,0,0,package://buaahz_car_urdf_mid360/meshes/rf_Link.STL,0.756862745098039,0.768627450980392,0.752941176470588,1,0,0,0,0,0,0,package://buaahz_car_urdf_mid360/meshes/rf_Link.STL,,E-CLHJ75-N-1/E-CLHJ75-N_b-1,右万上坐标系6,右万上基准轴6,rf_joint,continuous,0.3818,-0.17625,0.0052475,0,0,0,base_link,0,0,-1,,,,,,,,,,,,
rf_wheel_Link,2.38627238857703E-07,1.45803898468633E-10,-5.82427378409411E-08,0,0,0,0.150467637750353,7.04259874807456E-05,2.55314513069995E-13,6.75188738023169E-12,0.000108333870406124,-2.62322526655319E-10,7.0430149980171E-05,0,0,0,0,0,0,package://buaahz_car_urdf_mid360/meshes/rf_wheel_Link.STL,0.756862745098039,0.768627450980392,0.752941176470588,1,0,0,0,0,0,0,package://buaahz_car_urdf_mid360/meshes/rf_wheel_Link.STL,,E-CLHJ75-N-1/E-CLHJ75-N_w-1,右万向轮坐标系4,右万向轮基准轴4,rf_wheel_joint,continuous,-0.024001,0,-0.055747,0,0,0,rf_Link,0,-1,0,,,,,,,,,,,,
lidar_link,-0.000199602889489864,-6.33115251835736E-06,-0.0174673989772556,0,0,0,0.141887208379736,4.17976375700044E-05,-5.62044220965453E-09,3.05318732076208E-07,4.50772415665814E-05,-4.29488291684268E-10,6.87996431000477E-05,0,0,0,0,0,0,package://buaahz_car_urdf_mid360/meshes/lidar_link.STL,0.752941176470588,0.752941176470588,0.752941176470588,1,0,0,0,0,0,0,package://buaahz_car_urdf_mid360/meshes/lidar_link.STL,,mid-360-asm-1,激光雷达坐标系,激光雷达旋转轴,lidar_joint,fixed,0.2522,0.0001,1.3221,3.1416,0,3.1416,base_link,0,0,0,,,,,,,,,,,,
gyro_link,-0.000461131492249522,1.4976717060966E-08,0.00035793140236913,0,0,0,0.0548244190262661,1.0090549858139E-05,7.8187514451407E-12,8.08032197163176E-09,1.47422266994547E-05,1.26941468203565E-12,2.14471397750013E-05,0,0,0,0,0,0,package://buaahz_car_urdf_mid360/meshes/gyro_link.STL,0.792156862745098,0.819607843137255,0.933333333333333,1,0,0,0,0,0,0,package://buaahz_car_urdf_mid360/meshes/gyro_link.STL,,惯导模块_防水版N100WP(N200WP_N300WP)客户图-1,imu坐标系1,,gyro_joint,fixed,0.3895,0,0.1035,-3.1416,0,0,base_link,0,0,0,,,,,,,,,,,,
ultrasound_link1,-0.00759453667636931,-8.99443802770961E-09,0.00937891166550874,0,0,0,0.00233498324559951,7.70468056013029E-07,-7.2650902942148E-13,1.66641615729324E-07,6.24224633553788E-07,1.09044629999975E-12,5.5407436709916E-07,0,0,0,0,0,0,package://buaahz_car_urdf_mid360/meshes/ultrasound_link1.STL,0.792156862745098,0.819607843137255,0.933333333333333,1,0,0,0,0,0,0,package://buaahz_car_urdf_mid360/meshes/ultrasound_link1.STL,,超声波探头固定件-1,探头坐标系1,,ultrasound_joint1,fixed,0.4465,0.234,0.069062,0,0,0,base_link,0,0,0,,,,,,,,,,,,
ultrasound_link2,-0.0075945366763695,-8.99443827750979E-09,0.00937891166550878,0,0,0,0.00233498324559952,7.70468056013025E-07,-7.2650903093401E-13,1.66641615729324E-07,6.2422463355379E-07,1.09044630053675E-12,5.54074367099163E-07,0,0,0,0,0,0,package://buaahz_car_urdf_mid360/meshes/ultrasound_link2.STL,0.792156862745098,0.819607843137255,0.933333333333333,1,0,0,0,0,0,0,package://buaahz_car_urdf_mid360/meshes/ultrasound_link2.STL,,超声波探头固定件-7,探头坐标系2,,ultrasound_joint2,fixed,0.4465,-0.234,0.069062,0,0,0,base_link,0,0,0,,,,,,,,,,,,
ultrasound_link3,-0.0075945366763695,-8.99443831914315E-09,0.00937891166550879,0,0,0,0.00233498324559954,7.70468056013034E-07,-7.26509030636472E-13,1.66641615729325E-07,6.24224633553797E-07,1.09044630120336E-12,5.54074367099171E-07,0,0,0,0,0,0,package://buaahz_car_urdf_mid360/meshes/ultrasound_link3.STL,0.792156862745098,0.819607843137255,0.933333333333333,1,0,0,0,0,0,0,package://buaahz_car_urdf_mid360/meshes/ultrasound_link3.STL,,超声波探头固定件-8,探头坐标系3,,ultrasound_joint3,fixed,0.3375,-0.274,0.069062,0,0,-1.5708,base_link,0,0,0,,,,,,,,,,,,
ultrasound_link4,-0.00759453667637,-8.99443830526536E-09,0.00937891166550917,0,0,0,0.0023349832455997,7.70468056013047E-07,-7.26509029682989E-13,1.6664161572933E-07,6.24224633553813E-07,1.0904463009853E-12,5.54074367099192E-07,0,0,0,0,0,0,package://buaahz_car_urdf_mid360/meshes/ultrasound_link4.STL,0.792156862745098,0.819607843137255,0.933333333333333,1,0,0,0,0,0,0,package://buaahz_car_urdf_mid360/meshes/ultrasound_link4.STL,,超声波探头固定件-5,探头坐标系4,,ultrasound_joint4,fixed,0.0075,-0.274,0.069062,0,0,-1.5708,base_link,0,0,0,,,,,,,,,,,,
ultrasound_link5,-0.00759453667636922,-8.99443833302094E-09,0.00937891166550872,0,0,0,0.00233498324559952,7.70468056013028E-07,-7.26509030943189E-13,1.66641615729325E-07,6.24224633553791E-07,1.09044630239379E-12,5.54074367099164E-07,0,0,0,0,0,0,package://buaahz_car_urdf_mid360/meshes/ultrasound_link5.STL,0.792156862745098,0.819607843137255,0.933333333333333,1,0,0,0,0,0,0,package://buaahz_car_urdf_mid360/meshes/ultrasound_link5.STL,,超声波探头固定件-6,探头坐标系5,,ultrasound_joint5,fixed,-0.1015,-0.234,0.069062,0,0,3.1416,base_link,0,0,0,,,,,,,,,,,,
ultrasound_link6,-0.00759453667636995,-8.99443836077651E-09,0.0093789116655091,0,0,0,0.0023349832455996,7.70468056013031E-07,-7.26509032562475E-13,1.66641615729328E-07,6.24224633553808E-07,1.09044630773067E-12,5.54074367099181E-07,0,0,0,0,0,0,package://buaahz_car_urdf_mid360/meshes/ultrasound_link6.STL,0.792156862745098,0.819607843137255,0.933333333333333,1,0,0,0,0,0,0,package://buaahz_car_urdf_mid360/meshes/ultrasound_link6.STL,,超声波探头固定件-3,探头坐标系6,,ultrasound_link6,fixed,-0.1015,0.234,0.069062,0,0,-3.1416,base_link,0,0,0,,,,,,,,,,,,
ultrasound_link7,-0.00759453667636945,-8.99443819424306E-09,0.00937891166550896,0,0,0,0.00233498324559957,7.70468056013035E-07,-7.26509026447812E-13,1.66641615729326E-07,6.24224633553793E-07,1.09044630045026E-12,5.54074367099171E-07,0,0,0,0,0,0,package://buaahz_car_urdf_mid360/meshes/ultrasound_link7.STL,0.792156862745098,0.819607843137255,0.933333333333333,1,0,0,0,0,0,0,package://buaahz_car_urdf_mid360/meshes/ultrasound_link7.STL,,超声波探头固定件-4,探头坐标系7,,ultrasound_joint7,fixed,0.0075,0.274,0.069062,0,0,1.5708,base_link,0,0,0,,,,,,,,,,,,
ultrasound_link8,0.00759453667636939,-0.0294407044490392,0.0200000089944384,0,0,0,0.00233498324559952,7.70468056013028E-07,1.66641615729324E-07,-7.2650903502607E-13,5.54074367099164E-07,1.09044630342785E-12,6.2422463355379E-07,0,0,0,0,0,0,package://buaahz_car_urdf_mid360/meshes/ultrasound_link8.STL,0.792156862745098,0.819607843137255,0.933333333333333,1,0,0,0,0,0,0,package://buaahz_car_urdf_mid360/meshes/ultrasound_link8.STL,,超声波探头固定件-2,Origin_ultrasound_joint8,,ultrasound_joint8,fixed,0.3175,0.274,0.049,-1.5708,0,-1.5708,base_link,0,0,0,,,,,,,,,,,,